Time [s],Longitude [rad],Latitude [rad],Altitude [m],V North [m/s],V East [m/s],V Down [m/s],Roll [rad],Pitch [rad],Yaw [rad]
0.0,0.6089844335224215,0.573337071406794,-19.859909,-1.929191,-0.641182,0.006672,-0.0049567350756638965,-0.005969026041820591,-2.938959909979959
1.0025062656641603,0.6089843305479956,0.573336758469259,-19.867016,-1.989434,-0.476583,0.004822,-0.014067353771074298,-0.00753982236861539,-3.009610925367152
2.0050125313283207,0.6089842589894964,0.5733364362814791,-19.873699,-2.037641,-0.309663,0.009325,-0.00815068760681352,-0.009058258817850495,-3.072093468242454
3.007518796992481,0.6089842186723905,0.573336107635981,-19.887194,-2.07378,-0.160386,0.017127,-0.01075122819228507,-0.008726646259971549,-3.124034693674608
4.010025062656641,0.6089842057569541,0.5733357737544951,-19.911047,-2.102422,-0.038982,0.025785,-0.01101302758008422,-0.006981317007977328,3.1200902844716856
5.012531328320802,0.6089842134364029,0.573335435509686,-19.93936,-2.124815,0.04721,0.025236,-0.01033234917180643,-0.004136430327226437,3.093107406969391
6.015037593984962,0.6089842350784855,0.5733350942978173,-19.961788,-2.144152,0.106313,0.0149,-0.010803588069844898,-0.002094395102393065,3.0766141851643845
7.017543859649122,0.6089842652726816,0.5733347508170205,-19.971588,-2.162604,0.146749,0.002068,-0.008360127117052836,-0.0018500490071138298,3.069458265418038
8.020050125313283,0.6089842989575361,0.5733344047182298,-19.971121,-2.182909,0.171055,-0.004726,-0.011484266478122687,-0.002670353755551247,3.0696153974105944
9.022556390977442,0.6089843356094504,0.5733340551287807,-19.96789,-2.206749,0.174899,-0.004531,-0.0038920842319473546,-0.004310963252425859,3.0775215294826186
10.025062656641603,0.6089843715632329,0.573333702048673,-19.966045,-2.227158,0.161244,-0.002442,-0.004817108735504351,-0.0058293997016609644,3.090751037946273
11.027568922305765,0.6089844047244888,0.5733333451288409,-19.969362,-2.239458,0.138572,0.006496,-0.008674286382411816,-0.006911503837897515,3.10630204375459
12.030075187969924,0.6089844305553618,0.5733329868127455,-19.985052,-2.242814,0.101236,0.022089,-0.013124875974997358,-0.006091199089460098,3.1234759614211667
13.032581453634084,0.608984446437858,0.5733326373978292,-20.015512,-2.088961,0.007983,0.040297,-0.00923279174305,-0.0001570796326795243,-3.042789651900857
14.035087719298245,0.6089844106586082,0.5733323295217492,-20.019623,-1.775735,-0.455404,-0.037497,0.02696533694331239,0.026825710603152864,-2.7472354916483823
15.037593984962406,0.6089843115239069,0.5733320764490076,-19.965492,-1.441507,-0.874935,-0.061752,0.0645771823237902,0.010000736613927641,-2.484388941204621
16.040100250626566,0.6089841607274594,0.5733318924913045,-19.909838,-1.094613,-1.146108,-0.053509,0.01876228945893904,0.008325220532013011,-2.2565888115804165
17.042606516290725,0.608983923537214,0.5733317594972155,-19.86515,-0.774255,-1.34793,-0.03217,0.09370672753957557,-0.0005061454830783685,-2.0549853758969463
18.045112781954884,0.6089836542329105,0.5733316704854237,-19.861099,-0.471191,-1.505276,0.011289,0.013578661580515884,-0.0022514747350725894,-1.874361530860733
19.047619047619047,0.6089833575269377,0.5733316235360667,-19.875912,-0.183405,-1.641513,0.009348,0.04883431247080134,0.004153883619746557,-1.7093925561766243
20.050125313283207,0.6089830360372894,0.5733316207435399,-19.878002,0.09604,-1.732396,-0.01027,0.04944517770899935,0.0034557519189488684,-1.5591029175125073
21.052631578947366,0.6089827016322048,0.5733316579190529,-19.864986,0.366685,-1.774474,-0.018758,0.0277332818141899,0.0027750735106710778,-1.4222862083828212
22.05513784461153,0.6089823612930007,0.5733317361098035,-19.85161,0.616441,-1.790502,-0.007875,0.04143411644234538,-0.0001570796326795243,-1.303341984952823
23.05764411027569,0.6089820195575331,0.5733318507779354,-19.855021,0.835383,-1.807341,0.010664,0.03787364476827695,-0.0016057029118348165,-1.210804593105499
24.06015037593985,0.6089816746804729,0.5733319987818559,-19.873007,1.018309,-1.834246,0.019332,0.028379053637427792,-0.0007679448708775016,-1.1470298782651904
25.062656641604008,0.6089813245674248,0.5733321764563737,-19.88909,1.166824,-1.866466,0.010532,0.01907644872429802,0.0014311699866353944,-1.1129089182815044
26.065162907268167,0.6089809669494611,0.5733323743767109,-19.892498,1.266672,-1.905228,-0.002418,0.01898918226169831,0.0044505895925857075,-1.111548050157139
27.06766917293233,0.6089806014775159,0.5733325839907542,-19.884348,1.296257,-1.964116,-0.007797,0.011955505376161158,0.004310963252426081,-1.1450932260205928
28.07017543859649,0.6089802251845291,0.573332792208534,-19.880373,1.248549,-2.045764,0.000876,0.0024958208303518916,0.0026354471705114513,-1.207471380753333
29.07268170426065,0.6089798359761059,0.5733329885580748,-19.885546,1.133686,-2.14182,0.006875,-0.0074176493209759,0.0005061454830783685,-1.2917881321974234
30.075187969924812,0.6089794310597194,0.5733331616947365,-19.890495,0.974678,-2.229052,-0.004163,-0.008045967851693859,0.0004886921905584707,-1.3865593709543762
31.07769423558897,0.6089790127042978,0.573333305160801,-19.880943,0.782552,-2.285249,-0.016873,-0.014538592669112765,-0.0012391837689158525,-1.4862526825480464
32.08020050125313,0.6089785859712956,0.5733334133712147,-19.86989,0.56663,-2.314753,-0.003943,-0.019128808601857852,-0.006056292504420302,-1.5836418104632346
33.08270676691729,0.6089781566202996,0.5733334858023786,-19.878511,0.349289,-2.337136,0.015315,-0.008831366015091309,-0.007714355293814812,-1.6716939155724442
34.08521303258145,0.608977721858783,0.5733335231524246,-19.898788,0.154562,-2.355519,0.01605,-0.011187560505283654,-0.005864306286700982,-1.7443870185443482
35.08771929824561,0.6089772846538053,0.5733335299592086,-19.910385,-0.008556,-2.357424,0.004209,-0.009983283321407565,-0.004031710572106828,-1.8003245941779638
36.09022556390977,0.6089768481469594,0.5733335123313832,-19.916616,-0.138979,-2.351917,0.007683,-0.011501719770642635,-0.003560471674068477,-1.8390357700943947
37.092731829573935,0.608976410418383,0.5733334763776007,-19.929974,-0.23351,-2.36121,0.013353,-0.01127482696788337,-0.002583087292951536,-1.86087022300928
38.095238095238095,0.6089759683264835,0.5733334271593158,-19.942638,-0.289486,-2.380352,0.004457,-0.009721483933608414,-0.0014311699866353944,-1.8655304964582
39.097744360902254,0.608975521347662,0.5733333709597138,-19.942451,-0.305034,-2.399598,-0.006532,-0.007871434926494428,-0.0019896753472734563,-1.8572225023259041
40.100250626566414,0.6089750705291163,0.5733333152837108,-19.93885,-0.292011,-2.421244,0.000449,-0.0038222710618675813,-0.00548033385126212,-1.8376397335856025
41.10275689223057,0.6089746143000497,0.5733332639710307,-19.947092,-0.253688,-2.456861,0.012866,-0.003560471674068433,-0.006841690667817701,-1.8101681638927483
42.10526315789473,0.6089741596417797,0.5733332208613983,-19.9545,-0.173104,-2.352399,0.015002,-0.0633729051399141,-0.014067353771074265,-1.7306685560907475
43.10776942355889,0.6089737377956994,0.5733332149272787,-19.955349,0.213508,-2.144446,-0.048194,0.010070549784007279,0.024452062820440545,-1.4684675505774218
44.11027568922306,0.6089733627244431,0.5733332782827305,-19.891245,0.693372,-1.866998,-0.055885,0.1619316480000339,-0.0058293997016609644,-1.1751651094061144
45.11278195488722,0.6089730604334167,0.5733333821298211,-19.867714,1.107072,-1.611277,0.00852,0.08066911802717791,-0.025150194521238234,-0.9471553657387457
46.11528822055138,0.6089727883365864,0.573333564342195,-19.88772,1.3882,-1.521234,0.028484,0.09902998175815825,-0.01764527873766264,-0.8589291116767719
47.11779448621554,0.6089725179850852,0.5733337971691171,-19.904839,1.553047,-1.522809,0.007014,-0.005602506898901799,-0.003560471674068477,-0.8391018746681438
48.1203007518797,0.6089722486807816,0.5733340701386122,-19.892494,1.625238,-1.499059,-0.027709,-0.006911503837897546,0.006178465552060031,-0.8332897886326622
49.122807017543856,0.6089719785038133,0.5733343422354426,-19.852997,1.642354,-1.449767,-0.046812,-0.0019373154697137054,0.009389871375729664,-0.8303054501446774
50.125313283208015,0.6089717107703062,0.5733346082236206,-19.810329,1.647171,-1.413088,-0.036002,-0.0024958208303518916,0.005846852994181084,-0.8311779053311653
51.127819548872175,0.6089714535087744,0.5733348675795474,-19.785767,1.641943,-1.395446,-0.014787,-0.0018849555921538756,0.0002967059728391508,-0.8358208651139044
52.130325814536334,0.6089711983416378,0.5733351237938816,-19.779331,1.632516,-1.388224,-0.003466,-0.014870205226991687,-0.002949606435870278,-0.8400440906648331
53.1328320802005,0.6089709443962316,0.5733353784374194,-19.77467,1.616538,-1.377249,-0.010887,-0.01228711793404008,-0.0052708943410229026,-0.8437448344508838
54.13533834586466,0.6089706907998913,0.5733356301138977,-19.757929,1.59816,-1.352611,-0.023695,-0.008970992355250855,-0.008866272600131175,-0.8460133086928707
55.13784461152882,0.6089704424395388,0.5733358784742503,-19.733528,1.581688,-1.318021,-0.021322,-0.0020594885173533094,-0.015149457907310815,-0.8474274442660069
56.14035087719298,0.608970201584102,0.5733361235184772,-19.721666,1.568323,-1.292691,0.0016,-0.006911503837897545,-0.022671826983406307,-0.8497832722370566
57.14285714285714,0.6089699635211919,0.5733363664683091,-19.737125,1.554887,-1.286004,0.027552,-0.009337511498169665,-0.027070056698431877,-0.8536054560324619
58.1453634085213,0.6089697265054796,0.5733366076728117,-19.770802,1.538438,-1.286303,0.034999,-0.010541788682045753,-0.025743606466916313,-0.8573754195766469
59.14786967418546,0.6089694900133659,0.5733368464338534,-19.799568,1.519847,-1.277161,0.020255,-0.008604473212332046,-0.02223549467040775,-0.8591730563463237
60.150375939849624,0.6089692554411145,0.5733370825769011,-19.811914,1.504782,-1.249889,0.006323,-0.009058258817850573,-0.021031217486531695,-0.8602553524687774
61.152882205513784,0.6089690264539166,0.5733373159274221,-19.815908,1.489738,-1.220035,0.005324,-0.007400196028455954,-0.022218041377887854,-0.8630479490851386
62.15538847117794,0.6089688027027065,0.5733375461363505,-19.827734,1.473967,-1.201175,0.019972,-0.0062308254296197544,-0.02452187599052036,-0.867201413825865
63.1578947368421,0.6089685813949574,0.5733377737272849,-19.857153,1.456326,-1.195808,0.037722,-0.008936085770210973,-0.024260076602721004,-0.8716526317369812
64.16040100250626,0.608968360436274,0.5733379974784951,-19.9,1.439254,-1.196331,0.043873,-0.005462880558742251,-0.02066469834361273,-0.8750731803649165
65.16290726817043,0.6089681389539919,0.5733382207061064,-19.939085,1.424963,-1.190896,0.031035,-0.008953539062730912,-0.014538592669112615,-0.8771153028562132
66.16541353383458,0.608967919566105,0.5733384418393226,-19.956648,1.41013,-1.170558,0.005465,-0.007208209810736581,-0.00930260491312973,-0.8778657769812777
67.16791979949875,0.6089677041924753,0.5733386610526766,-19.953852,1.391725,-1.144164,-0.007757,-0.0045204027626653135,-0.007592182246175305,-0.8785992166928439
68.1704260651629,0.6089674919604382,0.5733388762517734,-19.948664,1.376092,-1.125727,5.1e-05,0.00022689280275926257,-0.009232791743049917,-0.8805880542820762
69.17293233082707,0.6089672889786463,0.5733390888328763,-19.957563,1.33607,-1.073567,0.015632,0.05242969072990966,-0.010227629416686757,-0.9409246450288803
70.17543859649122,0.608967081982597,0.5733392898948061,-19.976753,1.234231,-1.174568,0.018715,0.08689994345679768,-0.0062831853071794175,-1.107778069159661
71.17794486215539,0.6089668659108355,0.573339476994102,-19.989799,1.03298,-1.290919,0.006455,0.07394960040699974,0.004241150082346268,-1.3177757880536458
72.18045112781954,0.608966638494434,0.5733396318048065,-19.978609,0.768354,-1.361777,-0.025192,0.009459684545809269,0.007260569688296581,-1.53451075711301
73.1829573934837,0.6089663974644643,0.5733397387934898,-19.955606,0.466404,-1.38281,-0.017007,0.025464353786597272,-0.0016929693744345276,-1.7462544335775185
74.18546365914787,0.6089661491041117,0.5733397911533673,-19.936834,0.171219,-1.402233,-0.018121,-0.020350539078253876,-0.006213372137099826,-1.9265291429501634
75.18796992481202,0.608965898649364,0.5733397937713611,-19.928699,-0.102608,-1.398919,0.0046,0.00013962634015954648,-0.01363102145807571,-2.0796992555584786
76.19047619047619,0.6089656438312933,0.5733397499635969,-19.939575,-0.349265,-1.378178,0.013945,0.03401646712136948,-0.011414453308042916,-2.2101802973303766
77.19298245614034,0.6089653911076176,0.5733396674095234,-19.958149,-0.582908,-1.332051,0.022261,0.04843288674284265,-0.007086036763096937,-2.325180111557453
78.19548872180451,0.6089651469360553,0.5733395502979306,-19.981884,-0.797895,-1.272747,0.027111,0.053791047546465236,-0.0034382986264287485,-2.4211905340833213
79.19799498746866,0.6089649135855343,0.5733394014213453,-20.00812,-0.983642,-1.21634,0.029666,0.057735491655972415,-0.0012391837689158525,-2.4934471476625943
80.20050125313283,0.6089646908815217,0.5733392247940251,-20.032993,-1.143458,-1.167685,0.020241,0.05337216852598659,3.4906585040017646e-05,-2.549158092292838
81.203007518797,0.6089644796966822,0.5733390277463525,-20.044903,-1.225516,-1.087942,0.004069,0.03900810878207325,0.0005410520681183861,-2.585932074912604
82.20551378446115,0.608964281776345,0.5733388226701653,-20.040695,-1.26603,-1.034233,-0.007242,0.022985986248765314,-0.0009075712110369061,-2.5875030806789088
83.20802005012531,0.6089640899646602,0.573338615848649,-20.040241,-1.276432,-1.033422,0.010564,0.032759830059933576,-0.002303834612632505,-2.553416748027582
84.21052631578947,0.6089638998983047,0.5733384102488631,-20.062132,-1.251536,-1.100978,0.034073,0.048363073572762864,-0.002216568150032794,-2.491544860950968
85.21303258145363,0.608963691505992,0.5733382114558614,-20.100014,-1.183538,-1.213948,0.036726,0.04431390970813604,0.0013089969389958878,-2.410753604782735
86.21553884711778,0.6089634578064052,0.5733380276726912,-20.12443,-1.075272,-1.332016,0.010495,0.03818780403363593,0.0056374134839416445,-2.3170468248832825
87.21804511278195,0.6089631982759454,0.5733378643098732,-20.119186,-0.943918,-1.432608,-0.014628,0.05424483315198376,0.005026548245743667,-2.2160967715084205
88.22055137844612,0.6089629221648577,0.573337724683533,-20.099852,-0.794806,-1.517984,-0.016515,0.05600761569649804,0.001291543646475768,-2.108078431368953
89.22305764411027,0.6089626294731422,0.5733376105389999,-20.092875,-0.62059,-1.60304,0.005487,0.06096435077216193,-0.0018151424220740342,-1.9947193662650922
90.22556390977444,0.608962321946128,0.5733375257159982,-20.10998,-0.418271,-1.681485,0.025068,0.05656612105713623,-0.0012740903539558701,-1.8780617335947158
91.22807017543859,0.6089620016782101,0.5733374756250487,-20.139252,-0.201192,-1.736113,0.024753,0.05558873667601941,0.003473205211468766,-1.7621369995838372
92.23057644110276,0.6089616728581791,0.5733374602661513,-20.154282,0.008315,-1.749155,0.001511,0.04951499087907914,0.009285151620609833,-1.6502789001833984
93.23308270676691,0.6089613456089443,0.5733374778939767,-20.139883,0.201182,-1.720239,-0.026456,0.04707152992628706,0.012007865253720995,-1.543097846845992
94.23558897243107,0.6089610270863559,0.573337526065064,-20.10675,0.379095,-1.664418,-0.032202,0.04808382089244378,0.00961676417848878,-1.4409959808845683
95.23809523809523,0.608960721304671,0.573337600765156,-20.081343,0.542744,-1.599143,-0.01327,0.04401720373529698,0.005794493116621169,-1.3463994321324484
96.2406015037594,0.6089604284384225,0.5733376983290612,-20.081465,0.687065,-1.534583,0.011335,0.03815289744859605,0.005078908123303583,-1.2599532219212919
97.24310776942356,0.6089601481385446,0.5733378171859833,-20.098513,0.804745,-1.467452,0.017672,0.02701769682087222,0.00891863247769109,-1.1822512508889667
98.24561403508771,0.608959881277702,0.5733379527980662,-20.109753,0.898927,-1.390698,0.002132,0.02251474735072685,0.014241886696273687,-1.1119667022848152
99.24812030075188,0.6089596297757568,0.5733381013255855,-20.102423,0.973935,-1.303086,-0.014897,0.02165953601724963,0.017016960206944765,-1.0492220807690338
100.25062656641603,0.6089593955525712,0.5733382603250804,-20.084248,1.033521,-1.216221,-0.017385,0.026145032194875056,0.016720254234105836,-0.994297057900963
101.2531328320802,0.6089591761646842,0.573338426654958,-20.07197,1.080296,-1.143741,-0.005226,0.023928464044842262,0.015498523757709659,-0.9473822759947972
102.25563909774435,0.6089589700412995,0.5733385999661529,-20.073792,1.118217,-1.088253,0.006481,0.013456488532876279,0.01609193570338774,-0.9082343314330548
103.25814536340852,0.6089587736917587,0.573338779211467,-20.082067,1.147401,-1.042932,0.005808,0.007103490055616922,0.019285888234537474,-0.8747067310351684
104.26065162907267,0.608958584149002,0.5733389622965055,-20.081966,1.166586,-0.995744,-0.008825,0.010018189906447449,0.023579398194443435,-0.8464846872172497
105.26315789473684,0.6089584021111609,0.5733391474759392,-20.068842,1.181094,-0.951564,-0.017532,0.017331119472303695,0.025621433419276807,-0.8229226375955714
106.265664160401,0.6089582287999662,0.5733393349243008,-20.052561,1.194298,-0.917979,-0.0141,0.02017600615305444,0.024958208303518914,-0.804631517221501
107.26817042606515,0.6089580593284959,0.5733395232453271,-20.043346,1.209055,-0.898115,-0.006247,0.020245819323134222,0.023561944901923537,-0.7901977141206775
108.27067669172932,0.6089578933476839,0.5733397152315449,-20.0382,1.22461,-0.885734,-0.00784,0.019512781037296607,0.02370157124208294,-0.7784696775059292
109.27318295739347,0.6089577291122014,0.5733399096612235,-20.025282,1.237636,-0.86982,-0.020042,0.017558012275062956,0.02431243648028114,-0.7686953450025699
110.27568922305764,0.6089575681928443,0.5733401053126326,-20.002207,1.244732,-0.852003,-0.025582,0.01848303677861995,0.02274164015348612,-0.761522390842724
111.27819548872179,0.6089574095424153,0.573340302883904,-19.980165,1.248209,-0.840243,-0.017927,0.018430676901060126,0.019058995431778136,-0.7566003354592975
112.28070175438596,0.6089572526373156,0.5733405002806424,-19.969139,1.249379,-0.838152,-0.005787,0.01719149313214414,0.015184364492350833,-0.753563270574609
113.28320802005013,0.6089570964303475,0.5733406973283149,-19.96636,1.250388,-0.837715,-0.003137,0.014940018397071458,0.013351768777756678,-0.7502822610203694
114.28571428571428,0.6089569390016489,0.5733408943759875,-19.961521,1.254921,-0.829921,-0.008237,0.01827359726838063,0.012479104151759568,-0.7463199970992005
115.28822055137844,0.6089567827946809,0.5733410924708576,-19.951757,1.263981,-0.817151,-0.010614,0.020699604928652752,0.010943214410004565,-0.7426725382152128
116.2907268170426,0.6089566304274372,0.5733412917874582,-19.942102,1.271453,-0.808301,-0.007734,0.016091935703387718,0.008726646259971771,-0.7400019226602722
117.29323308270676,0.6089564789328581,0.5733414921512563,-19.936401,1.271414,-0.808054,-0.003749,0.012409290981679682,0.0066497044500983815,-0.7383092150852264
118.29573934837092,0.6089563277873449,0.5733416916423898,-19.932949,1.266757,-0.810671,-0.004039,0.011135200627723822,0.005253441048503005,-0.7359879969932442
119.29824561403508,0.6089561759437,0.5733418914825892,-19.928215,1.266621,-0.807551,-0.005246,0.013805554383275145,0.003944444109507339,-0.7317988577226072
120.30075187969925,0.6089560251472527,0.5733420909737227,-19.924948,1.274448,-0.797947,-0.001205,0.01691224045182505,0.0024260076602722336,-0.7258653316777723
121.3032581453634,0.6089558753980028,0.5733422923847183,-19.92864,1.284679,-0.787995,0.006804,0.015289084247470325,0.0019722220547535585,-0.7196862552604738
122.30576441102757,0.6089557279176809,0.5733424943193127,-19.937946,1.289557,-0.78259,0.009313,0.01165879940332212,0.0028099800957108734,-0.7134906854817448
123.30827067669172,0.6089555811354909,0.5733426978247036,-19.944178,1.290801,-0.778508,0.001757,0.011588986233242348,0.004642575810305027,-0.705863387211019
124.31077694235589,0.6089554352259655,0.5733429011555614,-19.939861,1.293308,-0.770131,-0.009759,0.016493361431346415,0.005253441048503005,-0.6965961252152424
125.31328320802004,0.6089552903636375,0.5733431058826827,-19.92753,1.301552,-0.7556,-0.013264,0.016929693744344994,0.003979350694547135,-0.6859141865942614
126.3157894736842,0.608955148991968,0.5733433116570015,-19.917828,1.31179,-0.740708,-0.005014,0.01525417766243044,0.0014137166941154966,-0.6749361005058027
127.31829573934836,0.6089550109364243,0.573343518129452,-19.918495,1.319055,-0.729511,0.004459,0.013840460968315035,-0.00031415926535882654,-0.6637838480112868
128.32080200501252,0.6089548742771439,0.5733437270453635,-19.924578,1.322813,-0.719368,0.004946,0.012636183784438945,-0.0006632251157578928,-0.6516190602045183
129.32330827067668,0.6089547393631927,0.573343935961275,-19.928213,1.32761,-0.704172,0.001231,0.01589994948566834,-0.0002268928027591155,-0.6381445249671771
130.32581453634086,0.6089546075908342,0.5733441455753181,-19.930424,1.337834,-0.68683,0.003524,0.019303341527057285,-0.00045378560551845304,-0.6244265861123524
131.328320802005,0.608954479309134,0.5733443565856247,-19.937601,1.349562,-0.674094,0.009632,0.01427679328131361,-0.0008726646259971105,-0.6110569800696395
132.33082706766916,0.608954353296362,0.5733445700393922,-19.94771,1.357256,-0.664356,0.008176,0.012374384396639796,8.726646259971105e-05,-0.5971643337566895
133.33333333333331,0.6089542302506498,0.5733447845403572,-19.951073,1.36021,-0.649887,-0.001846,0.014660765716752367,0.0013962634015955988,-0.5818580929226719
134.3358395989975,0.6089541096483986,0.5733450002630529,-19.945036,1.365312,-0.627926,-0.00859,0.018203784098300858,0.0014486232791552922,-0.5653997602494133
135.33834586466165,0.6089539930604045,0.5733452154621496,-19.938375,1.375678,-0.604326,-0.003007,0.020263272615654162,-0.0001919862177193199,-0.5491502038612784
136.3408521303258,0.6089538803121348,0.5733454322320426,-19.941067,1.387592,-0.586411,0.007281,0.016650441064025905,-0.0014835298641950878,-0.5335472745077142
137.34335839598998,0.608953770181859,0.5733456514453967,-19.951389,1.395979,-0.572397,0.010153,0.015201817784870609,-0.0012566370614357503,-0.5176125231567615
138.34586466165413,0.6089536635422418,0.5733458715314154,-19.959209,1.40003,-0.556588,0.003536,0.014695672301792254,0.0001570796326795243,-0.5007520491705508
139.34837092731829,0.6089535605678158,0.5733460931882304,-19.958498,1.404537,-0.538583,-0.004043,0.017208946424664088,0.001012290966156737,-0.4835783933033613
140.35087719298244,0.6089534593387192,0.5733463157177101,-19.952185,1.411682,-0.521518,-0.006921,0.018186330805780915,0.0004537856055186751,-0.4663871445173123
141.35338345864662,0.6089533626474787,0.5733465396434531,-19.945385,1.420945,-0.503175,-0.006506,0.018430676901060122,-0.0007679448708775016,-0.4488987010662344
142.35588972431077,0.608953268748765,0.5733467642673279,-19.939802,1.429454,-0.480973,-0.004877,0.016720254234105673,-0.002007128639793354,-0.4310267564186152
143.35839598997492,0.6089531793879073,0.5733469899384,-19.936932,1.43579,-0.457865,-0.000514,0.01813397092822108,-0.0034557519189486463,-0.41313671270665275
144.36090225563908,0.6089530947394385,0.5733472161330712,-19.938032,1.439788,-0.43829,0.002111,0.018919369091618534,-0.004485496177625281,-0.39554386365971994
145.36340852130326,0.608953014454293,0.5733474435494726,-19.939777,1.442095,-0.420033,0.000328,0.01909390201681797,-0.0050963614158234805,-0.3783350568613965
146.3659147869674,0.6089529364380754,0.5733476711404072,-19.938578,1.445967,-0.398642,-0.002527,0.019669860669976096,-0.005759586531581151,-0.3612306382056343
147.36842105263156,0.6089528619125163,0.5733478994294733,-19.937626,1.453488,-0.376643,0.001906,0.02106612407157156,-0.0071034900556168346,-0.34423167234327706
148.37092731829574,0.6089527922738792,0.5733481294638687,-19.944012,1.463302,-0.361853,0.010611,0.017505652397503128,-0.00802851455917386,-0.3277381887388827
149.3734335839599,0.608952725078703,0.5733483612435933,-19.955076,1.470855,-0.352302,0.009326,0.01473057888683214,-0.006614797865058364,-0.31105242221079743
150.37593984962405,0.6089526601524547,0.5733485942450486,-19.957232,1.471901,-0.333699,-0.00488,0.014713125594312195,-0.004188790204786352,-0.29307608942061525
151.3784461152882,0.6089525994149969,0.5733488263738391,-19.945993,1.469402,-0.303559,-0.013959,0.020245819323134222,-0.004049163864626726,-0.27511624999186635
152.38095238095238,0.6089525442625924,0.5733490579790308,-19.934397,1.471046,-0.275823,-0.005822,0.022392574303087245,-0.006614797865058364,-0.2583958735847134
153.38345864661653,0.608952494171643,0.5733492901078212,-19.936325,1.479055,-0.261006,0.009025,0.02042035224833366,-0.008883725892651073,-0.24312424262976268
154.38596491228068,0.6089524463496214,0.5733495238074081,-19.947397,1.487274,-0.251448,0.009993,0.013316862192716735,-0.008185594191853385,-0.22801026726614487
155.38847117794487,0.6089524002729291,0.5733497585541926,-19.953268,1.490316,-0.233255,0.000716,0.013002702927357754,-0.006370451769779351,-0.21151678366175045
156.39097744360902,0.6089523576868955,0.5733499938245757,-19.950541,1.488078,-0.209314,-0.004453,0.01940806128217695,-0.005864306286700982,-0.194726070485743
157.39348370927317,0.6089523177188555,0.573350228745893,-19.947132,1.486198,-0.191797,-0.001321,0.01930334152705729,-0.007086036763096937,-0.17903580485640824
158.39598997493732,0.6089522817650729,0.5733504631436116,-19.948732,1.489021,-0.181143,0.003318,0.014957471689591407,-0.008272860654453096,-0.16334498072171336
159.3984962406015,0.6089522489528829,0.5733506985885277,-19.950865,1.495253,-0.165931,0.000491,0.015289084247470327,-0.008447393579652518,-0.14683444525052838
160.40100250626566,0.6089522192822857,0.5733509356042401,-19.947632,1.499397,-0.140446,-0.005417,0.016632987771505958,-0.008377580409572705,-0.1294860819252153
161.4035087719298,0.6089521938004786,0.5733511726199525,-19.941256,1.498422,-0.112588,-0.005301,0.019617500792416268,-0.009128071987930308,-0.11325411845593994
162.406015037594,0.6089521735546594,0.573351409286599,-19.940136,1.496649,-0.092828,0.003263,0.017872171540421932,-0.010698868314725107,-0.09815719495911358
163.40852130325814,0.6089521580212289,0.5733516459532457,-19.948555,1.497408,-0.082967,0.012164,0.015236724369910498,-0.011658799403322151,-0.083670665461588
164.4110275689223,0.6089521431859304,0.573351883143491,-19.960382,1.499946,-0.075143,0.009379,0.013316862192716734,-0.010698868314725107,-0.06869624662495989
165.41353383458645,0.608952129921428,0.5733521206828022,-19.964327,1.501689,-0.057842,-0.00193,0.015114551322270894,-0.009075712110370393,-0.05237745302539778
166.41604010025063,0.6089521203221171,0.5733523587457121,-19.957397,1.501616,-0.032007,-0.010085,0.01689478715930511,-0.008499753457212433,-0.036041083960268304
167.41854636591478,0.6089521147370636,0.5733525959359576,-19.947796,1.50128,-0.006917,-0.00766,0.017278759594743863,-0.00959931088596866,-0.020455206473495545
168.42105263157893,0.6089521147370636,0.5733528333007357,-19.944401,1.501267,0.010622,0.001177,0.014974924982111348,-0.011623892818282133,-0.005637378577356489
169.4235588972431,0.6089521184022549,0.5733530696183166,-19.949783,1.501085,0.022346,0.007986,0.01525417766243044,-0.012688543661998786,0.009180431865490174
170.42606516290726,0.6089521222419794,0.5733533059358972,-19.958717,1.500424,0.032561,0.008204,0.015027284859671175,-0.012758356832078377,0.024696408915719763
171.42857142857142,0.6089521278270329,0.5733535433006756,-19.964899,1.499694,0.047344,0.003143,0.01685988057426522,-0.01216494488640052,0.04073598474154765
172.43107769423557,0.6089521372518109,0.573353780141855,-19.964569,1.498413,0.06804,-0.002361,0.017034413499464652,-0.011711159280881844,0.05728170605045391
173.43358395989975,0.6089521515635107,0.5733540168085016,-19.959822,1.497772,0.091607,-0.004482,0.018238690683340747,-0.01225221134900023,0.07361798784912081
174.4360902255639,0.608952169540402,0.5733542534751481,-19.955919,1.496565,0.113338,-0.00165,0.01586504290062846,-0.013264502315156745,0.08962265708990884
175.43859649122805,0.6089521924042153,0.5733544896181959,-19.957201,1.495046,0.13123,0.005067,0.015899949485668342,-0.013805554383275132,0.10531316706533786
176.44110275689223,0.6089522184096211,0.5733547257612437,-19.96666,1.493611,0.144991,0.013808,0.015498523757709643,-0.013648474750595607,0.12098622374824691
177.4436090225564,0.6089522459858232,0.5733549619042915,-19.983208,1.492203,0.153166,0.018072,0.013892820845874865,-0.012531464029319261,0.13707817690492718
178.44611528822054,0.6089522742601571,0.5733551989200039,-19.997231,1.490526,0.161599,0.009107,0.012740903539558606,-0.010733774899765125,0.1540776663660594
179.4486215538847,0.6089523053270178,0.5733554347139859,-19.996695,1.487249,0.182516,-0.008669,0.015481070465189707,-0.009250245035569815,0.17212437083168075
180.45112781954887,0.6089523404081357,0.573355669984369,-19.98103,1.483788,0.217542,-0.017131,0.018849555921538756,-0.009773843811168081,0.19029324834494177
181.45363408521303,0.6089523836923012,0.5733559056038181,-19.966955,1.48004,0.254602,-0.007215,0.018727382873899155,-0.01157153294072244,0.20678660977628818
182.45614035087718,0.6089524336087179,0.5733561396524707,-19.970303,1.47598,0.274354,0.013868,0.013229595730117021,-0.012897983172238003,0.22113321622768156
183.45864661654133,0.6089524859685954,0.5733563731775247,-19.992907,1.472872,0.273732,0.028392,0.011536626355682521,-0.011972958668680977,0.23493875315766416
184.4611528822055,0.6089525374558084,0.5733566061789798,-20.019989,1.472195,0.265974,0.022889,0.011309733552923255,-0.008831366015091158,0.2504896542462262
185.46365914786966,0.6089525863250274,0.5733568383077703,-20.032112,1.471025,0.274425,0.001116,0.017104226669544434,-0.0055501470213419335,0.2685712652968874
186.46616541353382,0.6089526365905099,0.5733570699129621,-20.020725,1.467195,0.307452,-0.020234,0.02076941809873252,-0.004468042885105383,0.28796189073983697
187.468671679198,0.6089526954081056,0.5733573011690879,-19.995796,1.459783,0.351447,-0.023756,0.020874137853852177,-0.0060039326268603865,0.30604348433720574
188.47117794486215,0.6089527633014136,0.5733575324252138,-19.978636,1.451751,0.384054,-0.007449,0.016615534478986015,-0.0084124869946125,0.3216816344350749
189.4736842105263,0.6089528378269726,0.5733577621105435,-19.984121,1.446649,0.393357,0.016912,0.012688543661998777,-0.010000736613927419,0.3356616868369644
190.47619047619045,0.6089529135742622,0.573357991795873,-20.009682,1.44452,0.387338,0.029072,0.008761552845011532,-0.008953539062730886,0.3505319269705412
191.47869674185463,0.6089529870526237,0.5733582206085379,-20.036644,1.44357,0.386014,0.020165,0.013561208287995943,-0.005986479334340489,0.36742671412984623
192.4812030075188,0.608953058785656,0.5733584488976041,-20.044918,1.440353,0.404299,-0.002977,0.017453292519943295,-0.0033684854563489353,0.38632862992894484
193.48370927318294,0.6089531354056101,0.5733586768376044,-20.03093,1.43256,0.441608,-0.019956,0.020158552860534504,-0.002478367537831927,0.4053701720682031
194.48621553884712,0.6089532193559472,0.5733589037304071,-20.009808,1.422195,0.48001,-0.016392,0.020402898955813712,-0.0036302848441480684,0.4227012915405067
195.48872180451127,0.6089533118583974,0.5733591278306831,-20.001383,1.413815,0.500577,0.001657,0.016947147036864937,-0.005340707511102494,0.43786818528704485
196.49122807017542,0.6089534082005722,0.5733593507092286,-20.010633,1.408778,0.504658,0.01468,0.012514010736799343,-0.005969026041820591,0.4523719062777028
197.49373433583958,0.6089535047172798,0.5733595732387082,-20.025648,1.405894,0.507902,0.012671,0.012164944886400476,-0.005148721293383174,0.4674689519475762
198.49624060150376,0.6089536001867899,0.5733597950700562,-20.032593,1.401692,0.522169,0.001097,0.016894787159305105,-0.003839724354387508,0.48357839330336144
199.4987468671679,0.6089536987978926,0.5733600167268712,-20.028826,1.394184,0.546498,-0.00669,0.017976891295541593,-0.002949606435870278,0.49993209348796325
200.50125313283206,0.6089538017723185,0.5733602382091532,-20.022295,1.3842,0.570669,-0.004711,0.017872171540421936,-0.0025132741228717226,0.5161636555315106
201.50375939849624,0.6089539096336662,0.5733604572479744,-20.01968,1.375352,0.587595,0.000729,0.016441001553786583,-0.0028972465583105844,0.5314876638173133
202.5062656641604,0.6089540206366066,0.5733606750650649,-20.021694,1.369529,0.59974,0.003173,0.015341444125030157,-0.003595378259108273,0.5464800595452369
203.50877192982455,0.6089541346066069,0.5733608907877605,-20.023516,1.364999,0.613143,-0.000268,0.015289084247470329,-0.0038048177693474905,0.5617691263394147
204.5112781954887,0.6089542515436667,0.5733611056377914,-20.020115,1.359179,0.630316,-0.004927,0.01672025423410568,-0.003298672286269122,0.5772153251261497
205.51378446115288,0.6089543709241876,0.5733613199642236,-20.013933,1.350327,0.649195,-0.004911,0.018046704465621368,-0.00293215314335038,0.5929755784584884
206.51629072681703,0.608954493620834,0.5733615325453264,-20.011797,1.340922,0.663938,0.00155,0.016353735091186872,-0.003228859116189531,0.6083170574901036
207.51879699248119,0.6089546182373426,0.5733617449518965,-20.016319,1.333393,0.675328,0.006649,0.015079644737231007,-0.003769911184307695,0.6237806397561884
208.52130325814534,0.6089547461699767,0.5733619557876701,-20.021635,1.326337,0.688866,0.003039,0.017296212887263806,-0.0035430183815483574,0.6398028146493739
209.52380952380952,0.6089548779423353,0.5733621641799828,-20.019497,1.316885,0.707906,-0.006208,0.01654572130890624,-0.0027750735106708557,0.6557376358134972
210.52631578947367,0.608955011634556,0.5733623711760321,-20.010656,1.305428,0.73051,-0.009292,0.019320794819577228,-0.0027925268031909756,0.671148893108607
211.52882205513782,0.6089551510863632,0.5733625776484825,-20.003986,1.294569,0.75147,-0.002483,0.019460421159736774,-0.003560471674068477,0.686088894052386
212.531328320802,0.6089552933306972,0.5733627815029392,-20.00651,1.286196,0.765483,0.007215,0.017348572764823635,-0.0039968039870670324,0.7005577084580039
213.53383458646616,0.6089554390656898,0.5733629844847312,-20.015579,1.280015,0.773309,0.009844,0.015079644737231005,-0.0037873644768275927,0.7146600037207033
214.5363408521303,0.6089555839280176,0.5733631862447928,-20.022371,1.271592,0.781519,0.003644,0.0170518667919846,-0.00293215314335038,0.7292858279458305
215.53884711779446,0.6089557308847408,0.5733633871321897,-20.020973,1.259668,0.79705,-0.004698,0.02124065699677099,-0.002129301687433083,0.7446621786559007
216.54135338345864,0.6089558809830564,0.5733635859251914,-20.012966,1.247266,0.819117,-0.009049,0.021467549799530253,-0.0021467549799529806,0.759794200723984
217.5438596491228,0.6089560357937611,0.5733637821001993,-20.004864,1.237542,0.840106,-0.006067,0.01923352835697751,-0.0029845130209102955,0.7741931845062298
218.54636591478695,0.6089561951423218,0.5733639768789439,-20.001728,1.230945,0.855207,-0.000579,0.01637118838370681,-0.0035081117965085618,0.7877543229810557
219.54887218045113,0.6089563565852776,0.5733641714831555,-20.00304,1.224767,0.864485,0.001736,0.015934856070708225,-0.0034382986264287485,0.801071202627065
220.55137844611528,0.6089565183772992,0.5733643641675049,-20.003588,1.214952,0.873915,-0.000788,0.016004669240788007,-0.003106686068549802,0.8151036672663917
221.55388471177943,0.6089566836599795,0.5733645556301238,-20.000843,1.200984,0.886883,-0.003357,0.019687313962496036,-0.0033335788713091397,0.8296073708037571
222.55639097744358,0.6089568513861205,0.5733647443002161,-19.997292,1.186102,0.902933,-0.001618,0.020193459445574397,-0.004223696789826148,0.8443204614914843
223.55889724310777,0.6089570213811897,0.573364931050446,-19.997295,1.175597,0.918436,0.001786,0.01966986066997609,-0.004764748857944534,0.8584925524709711
224.56140350877192,0.6089571945178515,0.5733651164044125,-20.000134,1.169371,0.931398,0.003002,0.018099064343181193,-0.004764748857944534,0.8721759338066064
225.56390977443607,0.6089573702725071,0.5733653003621157,-20.000843,1.164133,0.942537,-0.001608,0.018517943363659833,-0.0045378560551851965,0.8862258342851608
226.56641604010025,0.608957547772492,0.5733654846688847,-19.99572,1.153097,0.955716,-0.007583,0.016982053621904827,-0.004555309347705094,0.9010960744187375
227.5689223057644,0.6089577280650038,0.5733656654849952,-19.986261,1.135951,0.971958,-0.009246,0.019565140914856432,-0.005078908123303361,0.9163328162419404
228.57142857142856,0.6089579113245752,0.5733658443812436,-19.979368,1.117356,0.988562,-0.003433,0.021886428820008894,-0.0065624379874986705,0.9312728171857193
229.5739348370927,0.6089580966785418,0.5733660194377675,-19.980598,1.092202,0.984343,0.002397,0.004694935687864746,-0.008587019919812144,0.9460207970051939
230.5764411027569,0.6089582867448974,0.5733661943197585,-19.978893,1.12948,1.06095,0.001658,0.06141813637768046,-0.06068509809184275,0.9647307789464509
231.57894736842104,0.6089584942645455,0.5733663774047971,-20.026573,1.177393,1.145125,0.110397,0.011065387457644028,-0.17182764740554912,1.0182076497742645
232.5814536340852,0.6089587146996299,0.5733665597917039,-20.1919,1.085997,1.216043,0.216111,-0.08588765249064097,-0.21544344286618,1.1620576867236372
233.58395989974937,0.608958959394791,0.5733667308339706,-20.421146,0.925786,1.386538,0.252566,0.08937831099462963,-0.22842869250101772,1.3117546464803609
234.58646616541353,0.6089592248593703,0.5733668814558851,-20.701916,0.792582,1.550564,0.327008,0.06017895260876442,-0.2561096318909404,1.3796653902221678
235.58897243107768,0.6089595208672115,0.5733670078177229,-21.058332,0.748129,1.678786,0.395704,0.04752531553180563,-0.2691297881108181,1.377518478162582
236.59147869674183,0.6089597561375947,0.5733671289435729,-21.473988,0.769634,1.780252,0.448619,0.037821284890717136,-0.2733534674473517,1.352455602463821
237.593984962406,0.6089600922880085,0.5733672422154414,-21.936247,0.801257,1.87095,0.488928,0.011274826967883367,-0.2712067124673987,1.3332221090134286
238.59649122807016,0.6089604654394025,0.5733673654356867,-22.431574,0.831958,1.948199,0.519008,0.01481784534943184,-0.26394614277910233,1.3212490805315773
239.59899749373432,0.6089608483646405,0.5733674987788415,-22.941427,0.861795,2.023458,0.50681,0.016842427281745294,-0.2304532744333312,1.3133253729939856
240.6015037593985,0.6089612438562491,0.5733676387542475,-23.41287,0.890553,2.10028,0.443193,0.009023352232810691,-0.1816887751326095,1.3070945126577806
241.60401002506265,0.6089616503434319,0.5733677825693778,-23.807875,0.91681,2.171865,0.352904,0.007190756518216643,-0.13212142437597074,1.3015792373148936
242.6065162907268,0.6089620693969852,0.5733679302242326,-24.113066,0.938246,2.237447,0.262816,0.012356931104119855,-0.09009389598794715,1.2974952715849823
243.60902255639095,0.6089624182883027,0.5733680932379848,-24.335815,0.955176,2.288966,0.185489,0.0060039326268604845,-0.057194439587854085,1.2960290728402595
244.61152882205513,0.6089628331530659,0.5733682475250906,-24.494455,0.967515,2.33416,0.132776,0.0021293016874330793,-0.037088246604879416,1.29730326791397
245.6140350877193,0.6089632719288398,0.573368400590466,-24.61195,0.979054,2.369418,0.099043,-0.0015009831567151218,-0.02469640891571978,1.2979314991782254
246.61654135338344,0.6089637222237869,0.5733685576700986,-24.700516,0.99383,2.394741,0.073748,0.006038839211900376,-0.01811651763570099,1.2974602602801872
247.6190476190476,0.6089641781037874,0.573368717716791,-24.766493,1.008947,2.41498,0.053678,-0.002548180707911721,-0.014870205226991562,1.2960290728402593
248.62155388471177,0.6089646366017819,0.5733688791597469,-24.812565,1.021325,2.4358,0.034425,-0.001466076571675236,-0.012775810124598497,1.2938299754360387
249.62406015037593,0.608965098415902,0.573369042348032,-24.840572,1.029125,2.459018,0.018391,-0.0003316125578789213,-0.012688543661998786,1.2922592314691213
250.62656641604008,0.6089655644188122,0.5733692058853829,-24.856871,1.031959,2.483758,0.013144,-0.01315978256003724,-0.014137166941154078,1.2930970767765417
251.62907268170426,0.6089660344359799,0.573369369073668,-24.871788,1.035345,2.507059,0.014015,-0.003979350694547074,-0.014922565104551477,1.2932191800110109
252.6315789473684,0.6089665082928718,0.5733695331346176,-24.890165,1.034877,2.510152,0.018722,-0.006579891280018625,-0.014852751934471664,1.2937776330117716
253.63408521303256,0.608966981277099,0.5733696961483699,-24.914373,1.032611,2.504583,0.024744,-0.013665928043115597,-0.014468779499033024,1.2948423711219508
254.63659147869672,0.6089674533886618,0.5733698595111878,-24.943693,1.036108,2.497488,0.028245,-0.011641346110802179,-0.013369222070276576,1.2931842908792637
255.6390977443609,0.6089679241039611,0.5733700246193351,-24.972675,1.040921,2.489062,0.025239,-0.010873401239924672,-0.01008800307652713,1.2923464630251362
256.64160401002505,0.6089683911540688,0.5733701888548176,-24.994558,1.040902,2.48362,0.014542,-0.004991641660703781,-0.006143558967020013,1.2934460728137702
257.64411027568923,0.6089688554116499,0.5733703539629649,-25.005499,1.040091,2.481816,0.003276,-0.007120943348136863,-0.004782202150464432,1.2946153386928514
258.64661654135335,0.6089693215890931,0.5733705176748487,-25.00877,1.037649,2.483183,-0.000862,-0.007941248096574198,-0.005305800926062698,1.2956451876712831
259.64912280701753,0.6089697874174704,0.5733706824339301,-25.007717,1.034533,2.48739,-0.003467,-0.00260054058547155,-0.005724679946541356,1.2969368185842214
260.6516290726817,0.6089702555147759,0.5733708454476822,-25.003716,1.032127,2.492071,-0.005175,-0.006318091892219471,-0.00548033385126212,1.2974952715849821
261.65413533834584,0.6089707232630153,0.573371007065171,-24.999729,1.028079,2.495497,-0.003993,-0.009878563566287905,-0.00548033385126212,1.2990311264201522
262.65664160401,0.6089711920584525,0.5733711678099951,-25.000151,1.023254,2.49485,0.002868,-0.0059690260418206065,-0.005759586531581151,1.3008461990290558
263.65914786967414,0.608971659806692,0.5733713273330886,-25.007414,1.021033,2.490398,0.009275,-0.003246312408709453,-0.005969026041820591,1.301649137751436
264.6616541353383,0.6089721306965241,0.5733714858089848,-25.01799,1.031388,2.454403,0.006441,-0.01816887751326097,-0.0058293997016609644,1.3086828146369733
265.6641604010025,0.6089725750573517,0.5733716350346358,-25.032312,0.807814,2.321492,-0.000669,-0.05712462641777441,0.01932079481957727,1.4748555429061834
266.66666666666663,0.608973010691533,0.5733717306786787,-24.989582,0.423656,2.293995,-0.066419,0.12430234932703617,0.02206096174520833,1.6711178696528233
267.6691729323308,0.6089733978055611,0.5733718107892914,-24.936752,0.056153,2.179432,-0.039579,-0.037262779530078935,0.012514010736799364,1.8601196092578745
268.671679197995,0.6089737742730807,0.5733717997937172,-24.890293,-0.295677,2.02965,-0.053437,0.052412237437389715,0.019285888234537474,2.043937651171332
269.6741854636591,0.6089741254333263,0.573371727711619,-24.844336,-0.606162,1.854445,-0.036501,0.05462880558742251,0.005864306286700982,2.2144389530651205
270.6766917293233,0.608974443432316,0.5733716132180202,-24.82402,-0.868333,1.648323,-0.013347,0.027977627909469106,0.0029670597283903977,2.375602551474522
271.6791979949875,0.6089747212887329,0.573371457185585,-24.817553,-1.089684,1.422763,-0.002952,0.05986479334340551,-0.0012566370614357503,2.5272716983794137
272.6817042606516,0.6089749583044454,0.5733712718316184,-24.825638,-1.271321,1.181107,0.011362,0.04043927876870862,-0.0038048177693474905,2.6690794383045655
273.6842105263158,0.6089751529086569,0.5733710599486473,-24.841114,-1.421628,0.937864,0.013295,0.03429571980168858,-0.002565634000431638,2.800241175938035
274.68671679197996,0.6089753023088409,0.5733708257254616,-24.851095,-1.544712,0.706187,0.004625,0.04359832471481835,-0.0026878070480711447,2.9173702045860814
275.6892230576441,0.6089754105192545,0.5733705726527202,-24.853287,-1.641917,0.499111,-0.000625,0.03420845333908886,-0.00401425727958693,3.0172552580513767
276.69172932330827,0.6089754815541552,0.5733703040465482,-24.853041,-1.71852,0.310886,0.002209,0.025586526834236872,-0.005166174585903072,3.1027765484787317
277.6942355889724,0.6089755194277999,0.5733700253174667,-24.857929,-1.779918,0.138404,0.007798,0.029792770331543206,-0.005654866776461542,-3.108832840983152
278.69674185463657,0.6089755272817814,0.5733697382108048,-24.868488,-1.83013,-0.018857,0.013162,0.015847589608108517,-0.0049043751981039385,-3.0516907263662727
279.69924812030075,0.6089755093048902,0.5733694418538977,-24.879116,-1.873567,-0.150247,0.007227,0.017697638615222503,-0.0035430183815483574,-3.0108152025510284
280.7017543859649,0.6089754698604491,0.5733691397374042,-24.882975,-1.914729,-0.247025,-0.002157,0.022444934180647077,-0.002216568150032794,-2.9861711011529906
281.70426065162906,0.6089754148825777,0.5733688316867912,-24.87792,-1.95655,-0.306106,-0.007941,0.01668534764906579,-0.003595378259108273,-2.9751232542543296
282.70676691729324,0.6089753523997904,0.5733685164803284,-24.871655,-1.999621,-0.335274,-0.00587,0.010751228192285068,-0.00588175957922088,-2.9750010113935197
283.70927318295736,0.6089752872990093,0.573368195165213,-24.870764,-2.043224,-0.338099,0.003962,0.00307177948351002,-0.009075712110370393,-2.9836751930561767
284.71177944862154,0.6089752235944916,0.5733678665197148,-24.879944,-2.083501,-0.32715,0.014197,-0.0031590459461097366,-0.011239920382843493,-2.998947085810514
285.7142857142857,0.6089751646023629,0.5733675340344924,-24.89806,-2.118573,-0.302741,0.02112,-0.0032986722862692833,-0.010838494654884734,-3.0205016402732565
286.71679197994985,0.6089751117188866,0.5733671952660846,-24.916895,-2.151342,-0.262897,0.017164,-0.009442231253289324,-0.008761552845011567,-3.0459659940598542
287.719298245614,0.6089750675620565,0.573366851436222,-24.929155,-2.182709,-0.210667,0.008453,-0.011746065865921843,-0.007888888219014234,-3.0713081049856417
288.72180451127815,0.608975033702669,0.573366503766635,-24.932991,-2.211576,-0.14784,0.000345,-0.012339477811599909,-0.007714355293814812,-3.0962664529155006
289.72431077694233,0.6089750164239094,0.573366151384659,-24.93325,-2.234206,-0.079929,0.003495,-0.013753194505715317,-0.009913470151327708,-3.1181704222944924
290.7268170426065,0.6089750122351192,0.5733657962101563,-24.942076,-2.24993,-0.022087,0.013927,-0.012374384396639796,-0.010437068926925974,-3.135187225421804
291.72932330827064,0.6089750181692387,0.5733654401629887,-24.961895,-2.262395,0.015571,0.024808,-0.016057029118347832,-0.009983283321407521,3.1367755274009963
292.7318295739348,0.6089750289902801,0.5733650839412885,-24.987768,-2.27399,0.034201,0.024107,-0.008168140899333463,-0.008045967851693758,3.130963441365515
293.734335839599,0.6089750420802494,0.5733647231817321,-25.008087,-2.28423,0.041806,0.01411,-0.00757472895365539,-0.004869468613064143,3.129235844658721
294.7368421052631,0.608975054821153,0.5733643610259123,-25.01449,-2.29313,0.045211,-2.2e-05,-0.011397000015522973,-0.002199114857512896,3.1312079270871345
295.7393483709273,0.6089750672129907,0.5733639990446254,-25.010012,-2.300405,0.045328,-0.006467,-0.015655603390389135,-0.0024958208303518248,3.136548634598237
296.7418546365915,0.6089750816992235,0.5733636356670752,-25.004482,-2.308985,0.037374,-0.003985,-0.012967796342317869,-0.003926990816987219,-3.139428567490368
297.7443609022556,0.6089750933929294,0.5733632705441957,-25.000332,-2.315782,0.023954,-0.005017,-0.004956735075663894,-0.003682644721707984,-3.1317839730067556
298.7468671679198,0.6089751012469111,0.5733629050722503,-24.994936,-2.320838,0.006091,-0.005079,-0.013159782560037242,-0.0037873644768275927,-3.1232317549522284
299.74937343358397,0.608975103690372,0.5733625399493707,-24.993784,-2.321693,-0.015223,0.003488,-0.0067544242052180545,-0.005009094953223769,-3.1149240226193204
300.7518796992481,0.6089751021195757,0.573362172906629,-25.000715,-2.323774,-0.035827,0.01033,-0.008150687606813522,-0.004590215932745112,-3.1090421757736366
301.7543859649123,0.608975099327049,0.5733618079582825,-25.012173,-2.324454,-0.050951,0.012365,-0.008185594191853406,-0.0034208453339088507,-3.1053070839079058
302.7568922305764,0.6089750907749356,0.5733614431844688,-25.021961,-2.325063,-0.060401,0.008312,-0.006021385919380438,-0.002111848394913185,-3.1043472749923566
303.7593984962406,0.6089750820482892,0.5733610782361221,-25.024973,-2.324817,-0.065422,-0.00067,-0.010733774899765125,-0.001553343034274901,-3.10501067464104
304.76190476190476,0.6089750708781821,0.573360712240578,-25.020594,-2.327184,-0.064052,-0.007326,-0.00895353906273091,-0.0014835298641950878,-3.1082221851844647
305.7644110275689,0.6089750623260687,0.5733603455469022,-25.009684,-2.333121,-0.051947,-0.012113,-0.009250245035569949,-0.0017627825445141188,-3.1132659423766333
306.76691729323306,0.6089750565664822,0.5733599781550947,-24.995302,-2.338849,-0.033045,-0.015757,-0.011082840750163992,-0.002024581932313252,-3.1185019824924933
307.76942355889724,0.6089750544720871,0.5733596091924908,-24.984306,-2.342282,-0.012299,-0.004885,-0.011117747335203881,-0.004712388980384619,-3.123109512091418
308.77192982456137,0.6089750565664822,0.5733592404044199,-24.988132,-2.342322,-0.002759,0.012142,-0.010157816246606997,-0.006161012259539911,-3.125396102851041
309.77443609022555,0.6089750598826078,0.5733588716163489,-25.004778,-2.340101,-0.003288,0.018294,-0.008918632477691025,-0.005305800926062698,-3.1271063858916555
310.77694235588973,0.6089750621515359,0.5733585045736073,-25.023485,-2.337139,-0.014625,0.014849,-0.011554079648202464,-0.002303834612632505,-3.1262861335030956
311.77944862155385,0.6089750619770029,0.5733581361346021,-25.030344,-2.335244,-0.023207,-0.003245,-0.010088003076527224,0.0010471975511967546,-3.126687471964592
312.78195488721803,0.6089750611043382,0.5733577683937288,-25.02001,-2.335889,-0.017903,-0.017453,-0.012217304763960306,0.0006806784082777906,-3.1289913763903945
313.7844611528822,0.6089750591844761,0.5733574004783224,-25.000246,-2.339622,-0.001436,-0.021414,-0.014224433403753785,-0.0021467549799529806,-3.1315219118195685
314.78696741854634,0.6089750621515359,0.5733570316902514,-24.983303,-2.343477,0.015546,-0.013465,-0.009564404300928923,-0.0041713369122664545,-3.1313999307581466
315.7894736842105,0.6089750691328528,0.5733566620295159,-24.976707,-2.346485,0.019765,0.000765,-0.009162978572970232,-0.005201081170943089,-3.1288342443978374
316.79197994987464,0.6089750769868345,0.573356292892379,-24.986937,-2.335688,-0.004956,0.020459,-0.004921828490624011,-0.005532693728822036,-3.13112083515746
317.7944862155388,0.6089750860625466,0.5733559405104031,-25.005627,-2.096361,0.161064,-0.013009,0.01762782544514273,0.01755801227506293,2.9612652178204466
318.796992481203,0.608975164253297,0.5733556385684425,-24.983433,-1.746993,0.651383,-0.025813,-0.06471680866394974,0.01333431548523678,2.651486589257633
319.79949874686713,0.6089752677513216,0.5733554043452569,-24.960457,-1.380855,1.030338,-0.040574,0.01504473815219112,0.016632987771506125,2.391641970220717
320.8020050125313,0.6089754593884736,0.5733552357464512,-24.915972,-1.023807,1.314948,-0.050296,-0.059096848472527996,0.01698205362190497,2.1614158154829477
321.8045112781955,0.6089757306126394,0.5733551181112595,-24.869595,-0.685458,1.533255,-0.034201,0.0007679448708775053,0.0067369709126980926,1.9552400011316875
322.8070175438596,0.6089760386632523,0.5733550455055626,-24.833786,-0.368749,1.691189,-0.03848,-0.019024088846738195,0.007243116395776461,1.77063661341471
323.8095238095238,0.6089763735919358,0.5733550201982884,-24.810066,-0.053,1.801463,-0.010044,-0.006213372137099814,0.0025132741228719446,1.5997163975938575
324.812030075188,0.6089767252757801,0.5733550392223774,-24.810802,0.24619,1.862961,0.012252,0.013351768777756623,0.004520402762665299,1.444399634725345
325.8145363408521,0.608977084639073,0.5733551039740925,-24.823565,0.53666,1.881478,0.013009,0.005113814708343385,0.005427973973702427,1.3049477402245353
326.8170426065163,0.6089774445259648,0.5733552123590392,-24.840227,0.805543,1.871338,0.013341,0.005794493116621174,0.005253441048503005,1.1841186484688453
327.8195488721804,0.6089778017948627,0.5733553612356244,-24.850418,1.040577,1.85803,0.007124,0.01740093264238347,0.0059166661642608975,1.0952639537031066
328.8220551378446,0.60897815784203,0.5733555436225312,-24.846264,1.218334,1.861738,-0.006921,0.012147491593880535,0.003961897402027237,1.044195497616705
329.82456140350877,0.6089785156345267,0.5733557544583048,-24.834871,1.338459,1.895211,-0.012556,0.027122416575991883,0.0009773843811169414,1.0291682127570336
330.8270676691729,0.6089788804083404,0.5733559813511075,-24.823698,1.393898,1.956033,-0.006851,0.016441001553786583,-0.0019547687622336607,1.0516655417218257
331.8295739348371,0.6089792579230576,0.5733562106873713,-24.820742,1.374804,2.03584,0.003299,0.02241002759560719,-0.004869468613064143,1.107795382825841
332.83208020050125,0.6089796506221393,0.5733564314715217,-24.829447,1.284481,2.116419,0.012665,0.012863076587198206,-0.005951572749300693,1.1918154457503856
333.8345864661654,0.6089800548403942,0.5733566320098528,-24.845247,1.125772,2.189276,0.016568,0.01364847475059566,-0.00694641042293731,1.2943012143340773
334.83709273182956,0.6089804676107622,0.5733568028775865,-24.862955,0.920138,2.248135,0.016514,0.021170843826691217,-0.00813323431429347,1.4059149676392368
335.83959899749374,0.608980890154974,0.5733569369188731,-24.879459,0.687729,2.291333,0.015589,0.027750735106709844,-0.010157816246606943,1.5166561261315699
336.84210526315786,0.6089813207277005,0.573357030293988,-24.893499,0.452925,2.31878,0.013591,0.0190240888467382,-0.01076868148480492,1.618670638363931
337.84461152882204,0.6089817532202891,0.5733570856209252,-24.905533,0.233555,2.332987,0.012761,0.022898719786165606,-0.010995574287564258,1.7066353897440778
338.8471177944862,0.608982190250734,0.573357104819547,-24.918316,0.043497,2.339794,0.015847,0.016807520696705394,-0.01108284075016397,1.7771814584833485
339.84962406015035,0.6089826269321127,0.5733570959183678,-24.933889,-0.110746,2.343429,0.017891,0.02642428487519415,-0.009861110273767792,1.8275691314417173
340.8521303258145,0.6089830667550843,0.5733570632807109,-24.952194,-0.225535,2.350148,0.020623,0.02892010570554604,-0.008307767239492891,1.8581474221097054
341.85463659147865,0.6089835102432472,0.5733570156332223,-24.970585,-0.300794,2.365182,0.020403,0.017400932642383463,-0.006894050545377617,1.8710277949097909
342.85714285714283,0.6089839568730028,0.5733569583864229,-24.988026,-0.339654,2.387943,0.016927,0.01951278103729661,-0.005410520681182307,1.8686716876860612
343.859649122807,0.6089844090878119,0.5733568981725636,-25.001827,-0.344717,2.419401,0.013021,0.01111774733520388,-0.005148721293383174,1.8534175100236308
344.86215538847114,0.6089848684584711,0.5733568384823032,-25.014162,-0.317825,2.458494,0.012681,0.0016231562043547256,-0.005777039824101271,1.8281800664930854
345.8646616541353,0.6089853309707228,0.5733567880422878,-25.026762,-0.262766,2.406195,0.039504,-0.14962707677347387,-0.015917402778188317,1.8768922059162472
346.8671679197995,0.608985753165869,0.5733567266066982,-25.047686,-0.496005,2.056422,-0.032815,0.03949680097263169,0.031119220563059047,2.139354714111399
347.8696741854636,0.6089861022317193,0.5733566316607869,-24.996077,-0.805695,1.600155,-0.044202,0.18401004558446965,-0.0022340214425526916,2.4365841460996935
348.8721804511278,0.6089863554789938,0.573356533573283,-24.971413,-1.000312,1.196697,-0.008756,0.15046481736113862,-0.015044738152190984,2.66714252426058
349.874686716792,0.6089865242523325,0.5733563922016135,-24.958717,-1.099679,0.84994,-0.006952,0.10665707058937349,-0.012095131716320706,2.879217481670411
350.8771929824561,0.6089866226889024,0.5733562134798981,-24.954977,-1.191983,0.519765,0.003493,0.024609142453120042,-0.005253441048502783,3.0704356497991543
351.8796992481203,0.6089866790630372,0.5733560253334048,-24.95978,-1.257259,0.231066,0.001241,0.06190682856823886,0.004468042885105605,-3.049561529398595
352.88220551378447,0.6089866834263602,0.5733558247950737,-24.964018,-1.303805,-0.041338,0.00797,0.015498523757709647,0.009686577348568592,-2.9070030535489906
353.8847117794486,0.6089866436328534,0.5733556157046293,-24.967979,-1.322321,-0.294956,0.000213,0.026476644752753974,0.016632987771506125,-2.781112227709837
354.8872180451128,0.6089865584607858,0.5733554034725923,-24.962929,-1.319958,-0.533749,-0.009675,0.031834805556376564,0.019285888234537474,-2.6711566942737046
355.8897243107769,0.608986431924415,0.5733551910660223,-24.949648,-1.312265,-0.744688,-0.018105,0.03080506129769991,0.01970476725501613,-2.586804791898478
356.8922305764411,0.6089862692597287,0.5733549795321169,-24.928835,-1.306254,-0.922588,-0.023073,0.025220007691318058,0.018657569703819377,-2.526486335122602
357.89473684210526,0.6089860746555171,0.5733547688708762,-24.903584,-1.31388,-1.061797,-0.028933,0.024486969405480445,0.016214108751027467,-2.4926093198084667
358.8972431077694,0.6089858585837556,0.5733545561152404,-24.877628,-1.341931,-1.162015,-0.026594,0.015952309363228175,0.014206980111233891,-2.4854012147174847
359.89974937343356,0.6089856275021628,0.5733543382981497,-24.850908,-1.395321,-1.219346,-0.027036,0.01780235837034216,0.011588986233242338,-2.5038843562158606
360.90225563909775,0.6089853903119175,0.5733541107072153,-24.826694,-1.472,-1.231063,-0.020403,0.009075712110370516,0.007435102613496003,-2.5447598800311044
361.90476190476187,0.6089851566123307,0.5733538698517785,-24.809893,-1.569061,-1.190819,-0.014364,-0.0008552113334772215,0.0034208453339088507,-2.6050434651285266
362.90726817042605,0.6089849361772461,0.5733536127647797,-24.801001,-1.669089,-1.108046,-0.00888,-0.010332349171806431,-0.00027925268031903094,-2.676986093975365
363.90977443609023,0.6089847382569089,0.5733533403188834,-24.794933,-1.766891,-0.984312,-0.009978,-0.014625859131712481,-0.0027750735106708557,-2.757079061363168
364.91228070175436,0.6089845679127738,0.5733530525140897,-24.786514,-1.859252,-0.822803,-0.009165,-0.015393804002589986,-0.006963863715457208,-2.840540671286951
365.91478696741854,0.6089844329988227,0.5733527502230634,-24.78194,-1.940776,-0.642075,-0.002595,-0.014416419621473163,-0.010629055144645516,-2.9198661126828966
366.91729323308266,0.6089843328169237,0.5733524376345943,-24.789011,-2.00511,-0.469457,0.0137,-0.014468779499032991,-0.01342158194783627,-2.9904643842200946
367.91979949874684,0.6089842668434778,0.5733521149232157,-24.811249,-2.052624,-0.317003,0.027508,-0.012304571226560023,-0.013840460968314927,-3.051638523568346
368.922305764411,0.6089842289698332,0.5733517857541187,-24.841614,-2.087443,-0.187806,0.030373,-0.013665928043115599,-0.01235693110411984,-3.10267188108349
369.92481203007515,0.608984213087337,0.5733514508254353,-24.86858,-2.115464,-0.076265,0.022405,-0.013840460968315038,-0.010559241974565703,3.1397252385566214
370.9273182957393,0.608984215530798,0.5733511117079616,-24.885277,-2.141356,0.022405,0.012219,-0.018832102629018816,-0.009808750396208099,3.1096182042399647
371.9298245614035,0.6089842354275513,0.5733507697979611,-24.893435,-2.166892,0.102605,0.006248,-0.015917402778188282,-0.010838494654884734,3.091204841005084
372.93233082706763,0.6089842692869389,0.5733504233501046,-24.902906,-2.190399,0.157443,0.011825,-0.01385791426083498,-0.011309733552923085,3.0832113726572903
373.9348370927318,0.6089843118729726,0.5733500730625237,-24.919985,-2.211413,0.182595,0.021487,-0.016807520696705398,-0.01108284075016397,3.0850790494898495
374.937343358396,0.6089843548080722,0.5733497199824161,-24.946926,-2.228051,0.176933,0.029055,-0.010454522219446033,-0.01027998929424645,3.0945907972072457
375.9398496240601,0.6089843930307828,0.5733493648079133,-24.977022,-2.23934,0.14914,0.027457,-0.013596114873035825,-0.007993607974134065,3.1093039577081427
376.9423558897243,0.6089844237485778,0.573349008586213,-24.999765,-2.247563,0.109226,0.015643,-0.007155849933176751,-0.004729842272904516,3.12715885048897
377.9448621553885,0.6089844441689299,0.5733486511427822,-25.007807,-2.255795,0.066516,-0.000118,-6.981317007977319e-05,-0.002583087292951536,-3.137264219591555
378.9473684210526,0.6089844586551627,0.5733482966664111,-25.003649,-2.182227,0.041788,0.008791,-0.057142079710294356,-0.009791297103688201,-3.0700340495382705
379.9498746867168,0.6089844427726665,0.5733479760494274,-25.005234,-1.855014,-0.305543,-0.038031,0.0015184364492350688,0.02727949620867154,-2.7959303174053636
380.9523809523809,0.6089843492230186,0.5733477097121836,-24.955389,-1.505812,-0.754461,-0.045974,0.12744394198062595,0.004049163864626948,-2.5123316276224648
381.9548872180451,0.6089842303660966,0.5733475173769,-24.937672,-1.135243,-1.038799,-0.000993,0.04209734155810321,-0.0030543261909901087,-2.2764328212031564
382.95739348370927,0.6089840242427119,0.5733473838592122,-24.926369,-0.80398,-1.259987,-0.014593,0.06794566778013923,0.0030019663134304153,-2.0652484005908636
383.9598997493734,0.6089837720426349,0.5733472965927496,-24.916222,-0.502238,-1.416617,-0.004583,0.05459389900238262,0.00038397243543886184,-1.8806971982185199
384.9624060150376,0.6089834954079485,0.5733472499924587,-24.911963,-0.21302,-1.538769,0.000891,0.016423548261266636,0.004642575810305027,-1.711435202266695
385.96491228070175,0.6089831973057123,0.5733472451055368,-24.911505,0.057208,-1.626645,-0.000423,0.06359979794267337,0.006387905062299248,-1.5602022655017538
386.9674185463659,0.6089828861135067,0.5733472773941278,-24.913471,0.316285,-1.686576,0.005805,0.021659536017249632,0.007051130178057141,-1.4231240362369484
387.96992481203006,0.6089825646238585,0.5733473493016931,-24.915468,0.563283,-1.717083,-0.00207,0.03654719453676126,0.00989601685880781,-1.3010031913952729
388.97243107769424,0.6089822375491566,0.5733474594319689,-24.9121,0.799313,-1.728379,-0.007313,0.03867649622419435,0.009372418083209544,-1.2003154610069855
389.97493734335836,0.6089819101253889,0.5733476042942968,-24.908688,0.99608,-1.741955,-0.001643,0.03722787294503904,0.007312929565856274,-1.1321252202387644
390.97744360902254,0.6089815804326932,0.5733477777800244,-24.907122,1.143546,-1.77119,-0.004611,0.027139869868511822,0.007068583470577039,-1.095176530160874
391.97994987468667,0.6089812444568122,0.5733479741295653,-24.901995,1.238714,-1.820051,-0.008827,0.018238690683340743,0.008709192967451873,-1.0895918779802198
392.98245614035085,0.6089808957400277,0.5733481737952317,-24.886774,1.279233,-1.887399,-0.020435,0.017435839227423353,0.009407324668249561,-1.1154224192971782
393.98496240601503,0.6089805360276688,0.5733483811403469,-24.864407,1.261471,-1.967013,-0.023202,0.00734783615089613,0.006422811647339266,-1.167712518593513
394.98746867167915,0.6089801106909302,0.5733485635272537,-24.844347,1.179427,-2.055617,-0.016813,-0.0020943951023931952,0.001553343034275123,-1.242516981268141
395.98997493734333,0.6089797101378669,0.5733487439942984,-24.836155,1.037478,-2.140604,-0.003717,-0.0027401669256310974,-0.0034208453339088507,-1.3309360593058739
396.9924812030075,0.6089793094102706,0.5733489002012665,-24.841082,0.856858,-2.213157,0.006432,-0.00466002910282486,-0.005602506898901627,-1.4262655067174912
397.99498746867164,0.6089788996069622,0.5733490232469786,-24.851618,0.654963,-2.266947,0.008002,-0.007871434926494428,-0.006161012259539911,-1.5210021355953753
398.9974937343358,0.6089784791571454,0.5733491117351717,-24.862274,0.453527,-2.299071,0.006149,-0.006178465552059927,-0.006352998477259231,-1.6085301183302119
400.0,0.6089780543440054,0.5733491670621089,-24.871647,0.261921,-2.315563,0.007259,-0.011658799403322123,-0.007138396640656852,-1.684958592420526
